Book Name,Page No,Image URL,Status Code
"One, Two, Buckle My Shoe (Xx)",1,https://augie-read.s3.eu-west-2.amazonaws.com/books/One_Two_Buckle_My_Shoe_1.jpg,200
"One, Two, Buckle My Shoe (Xx)",2,https://augie-read.s3.eu-west-2.amazonaws.com/books/One_Two_Buckle_My_Shoe_2.jpg,200
"One, Two, Buckle My Shoe (Xx)",3,https://augie-read.s3.eu-west-2.amazonaws.com/books/One_Two_Buckle_My_Shoe_3.jpg,200
"One, Two, Buckle My Shoe (Xx)",4,https://augie-read.s3.eu-west-2.amazonaws.com/books/One_Two_Buckle_My_Shoe_4.jpg,200
"One, Two, Buckle My Shoe (Xx)",5,https://augie-read.s3.eu-west-2.amazonaws.com/books/One_Two_Buckle_My_Shoe_5.jpg,200
"One, Two, Buckle My Shoe (Xx)",6,https://augie-read.s3.eu-west-2.amazonaws.com/books/One_Two_Buckle_My_Shoe_6.jpg,200
"One, Two, Buckle My Shoe (Xx)",7,https://augie-read.s3.eu-west-2.amazonaws.com/books/One_Two_Buckle_My_Shoe_7.jpg,200
"One, Two, Buckle My Shoe (Xx)",8,https://augie-read.s3.eu-west-2.amazonaws.com/books/One_Two_Buckle_My_Shoe_8.jpg,200
"One, Two, Buckle My Shoe (Xx)",9,https://augie-read.s3.eu-west-2.amazonaws.com/books/One_Two_Buckle_My_Shoe_9.jpg,200
"One, Two, Buckle My Shoe (Xx)",10,https://augie-read.s3.eu-west-2.amazonaws.com/books/One_Two_Buckle_My_Shoe_10.jpg,200
Fifteen on a Spring Day,1,https://augie-read.s3.eu-west-2.amazonaws.com/books/Fifteen_on_a_Spring_Day_3.jpg,200
Fifteen on a Spring Day,2,https://augie-read.s3.eu-west-2.amazonaws.com/books/Fifteen_on_a_Spring_Day_4.jpg,200
Fifteen on a Spring Day,3,https://augie-read.s3.eu-west-2.amazonaws.com/books/Fifteen_on_a_Spring_Day_5.jpg,200
Fifteen on a Spring Day,4,https://augie-read.s3.eu-west-2.amazonaws.com/books/Fifteen_on_a_Spring_Day_5.jpg,200
Fifteen on a Spring Day,5,https://augie-read.s3.eu-west-2.amazonaws.com/books/Fifteen_on_a_Spring_Day_6.jpg,200
Fifteen on a Spring Day,6,https://augie-read.s3.eu-west-2.amazonaws.com/books/Fifteen_on_a_Spring_Day_7.jpg,200
Fifteen on a Spring Day,7,https://augie-read.s3.eu-west-2.amazonaws.com/books/Fifteen_on_a_Spring_Day_7.jpg,200
Fifteen on a Spring Day,8,https://augie-read.s3.eu-west-2.amazonaws.com/books/Fifteen_on_a_Spring_Day_8.jpg,200
Fifteen on a Spring Day,9,https://augie-read.s3.eu-west-2.amazonaws.com/books/Fifteen_on_a_Spring_Day_9.jpg,200
Fifteen on a Spring Day,10,https://augie-read.s3.eu-west-2.amazonaws.com/books/Fifteen_on_a_Spring_Day_9.jpg,200
Fifteen on a Spring Day,11,https://augie-read.s3.eu-west-2.amazonaws.com/books/Fifteen_on_a_Spring_Day_10.jpg,200
Fifteen on a Spring Day,12,https://augie-read.s3.eu-west-2.amazonaws.com/books/Fifteen_on_a_Spring_Day_11.jpg,200
Fifteen on a Spring Day,13,https://augie-read.s3.eu-west-2.amazonaws.com/books/Fifteen_on_a_Spring_Day_11.jpg,200
Fifteen on a Spring Day,14,https://augie-read.s3.eu-west-2.amazonaws.com/books/Fifteen_on_a_Spring_Day_12.jpg,200
Fifteen on a Spring Day,15,https://augie-read.s3.eu-west-2.amazonaws.com/books/Fifteen_on_a_Spring_Day_12.jpg,200
Fifteen on a Spring Day,16,https://augie-read.s3.eu-west-2.amazonaws.com/books/Fifteen_on_a_Spring_Day_12.jpg,200
9 Cat Night,1,https://augie-read.s3.eu-west-2.amazonaws.com/books/9_Cat_Night_2.jpg,200
9 Cat Night,2,https://augie-read.s3.eu-west-2.amazonaws.com/books/9_Cat_Night_2.jpg,200
9 Cat Night,3,https://augie-read.s3.eu-west-2.amazonaws.com/books/9_Cat_Night_3.jpg,200
9 Cat Night,4,https://augie-read.s3.eu-west-2.amazonaws.com/books/9_Cat_Night_3.jpg,200
9 Cat Night,5,https://augie-read.s3.eu-west-2.amazonaws.com/books/9_Cat_Night_4.jpg,200
9 Cat Night,6,https://augie-read.s3.eu-west-2.amazonaws.com/books/9_Cat_Night_4.jpg,200
9 Cat Night,7,https://augie-read.s3.eu-west-2.amazonaws.com/books/9_Cat_Night_5.jpg,200
9 Cat Night,8,https://augie-read.s3.eu-west-2.amazonaws.com/books/9_Cat_Night_6.jpg,200
9 Cat Night,9,https://augie-read.s3.eu-west-2.amazonaws.com/books/9_Cat_Night_6.jpg,200
9 Cat Night,10,https://augie-read.s3.eu-west-2.amazonaws.com/books/9_Cat_Night_7.jpg,200
9 Cat Night,11,https://augie-read.s3.eu-west-2.amazonaws.com/books/9_Cat_Night_8.jpg,200
9 Cat Night,12,https://augie-read.s3.eu-west-2.amazonaws.com/books/9_Cat_Night_8.jpg,200
9 Cat Night,13,https://augie-read.s3.eu-west-2.amazonaws.com/books/9_Cat_Night_9.jpg,200
9 Cat Night,14,https://augie-read.s3.eu-west-2.amazonaws.com/books/9_Cat_Night_10.jpg,200
9 Cat Night,15,https://augie-read.s3.eu-west-2.amazonaws.com/books/9_Cat_Night_10.jpg,200
9 Cat Night,16,https://augie-read.s3.eu-west-2.amazonaws.com/books/9_Cat_Night_11.jpg,200
9 Cat Night,17,https://augie-read.s3.eu-west-2.amazonaws.com/books/9_Cat_Night_12.jpg,200
9 Cat Night,18,https://augie-read.s3.eu-west-2.amazonaws.com/books/9_Cat_Night_12.jpg,200
A Space Adventure,1,https://augie-read.s3.eu-west-2.amazonaws.com/books/A_Space_Adventure_2.jpg,200
A Space Adventure,2,https://augie-read.s3.eu-west-2.amazonaws.com/books/A_Space_Adventure_2.jpg,200
A Space Adventure,3,https://augie-read.s3.eu-west-2.amazonaws.com/books/A_Space_Adventure_3.jpg,200
A Space Adventure,4,https://augie-read.s3.eu-west-2.amazonaws.com/books/A_Space_Adventure_3.jpg,200
A Space Adventure,5,https://augie-read.s3.eu-west-2.amazonaws.com/books/A_Space_Adventure_4.jpg,200
A Space Adventure,6,https://augie-read.s3.eu-west-2.amazonaws.com/books/A_Space_Adventure_4.jpg,200
A Space Adventure,7,https://augie-read.s3.eu-west-2.amazonaws.com/books/A_Space_Adventure_5.jpg,200
A Space Adventure,8,https://augie-read.s3.eu-west-2.amazonaws.com/books/A_Space_Adventure_5.jpg,200
A Space Adventure,9,https://augie-read.s3.eu-west-2.amazonaws.com/books/A_Space_Adventure_6.jpg,200
A Space Adventure,10,https://augie-read.s3.eu-west-2.amazonaws.com/books/A_Space_Adventure_6.jpg,200
A Space Adventure,11,https://augie-read.s3.eu-west-2.amazonaws.com/books/A_Space_Adventure_7.jpg,200
A Space Adventure,12,https://augie-read.s3.eu-west-2.amazonaws.com/books/A_Space_Adventure_7.jpg,200
A Space Adventure,13,https://augie-read.s3.eu-west-2.amazonaws.com/books/A_Space_Adventure_8.jpg,200
A Space Adventure,14,https://augie-read.s3.eu-west-2.amazonaws.com/books/A_Space_Adventure_8.jpg,200
A Space Adventure,15,https://augie-read.s3.eu-west-2.amazonaws.com/books/A_Space_Adventure_9.jpg,200
A Space Adventure,16,https://augie-read.s3.eu-west-2.amazonaws.com/books/A_Space_Adventure_9.jpg,200
A Space Adventure,17,https://augie-read.s3.eu-west-2.amazonaws.com/books/A_Space_Adventure_10.jpg,200
A Space Adventure,18,https://augie-read.s3.eu-west-2.amazonaws.com/books/A_Space_Adventure_10.jpg,200
A Space Adventure,19,https://augie-read.s3.eu-west-2.amazonaws.com/books/A_Space_Adventure_11.jpg,200
A Space Adventure,20,https://augie-read.s3.eu-west-2.amazonaws.com/books/A_Space_Adventure_11.jpg,200
A Space Adventure,21,https://augie-read.s3.eu-west-2.amazonaws.com/books/A_Space_Adventure_12.jpg,200
A Space Adventure,22,https://augie-read.s3.eu-west-2.amazonaws.com/books/A_Space_Adventure_12.jpg,200
Dinner for Sixteen,1,https://augie-read.s3.eu-west-2.amazonaws.com/books/Dinner_for_Sixteen_2.jpg,200
Dinner for Sixteen,2,https://augie-read.s3.eu-west-2.amazonaws.com/books/Dinner_for_Sixteen_3.jpg,200
Dinner for Sixteen,3,https://augie-read.s3.eu-west-2.amazonaws.com/books/Dinner_for_Sixteen_4.jpg,200
Dinner for Sixteen,4,https://augie-read.s3.eu-west-2.amazonaws.com/books/Dinner_for_Sixteen_5.jpg,200
Dinner for Sixteen,5,https://augie-read.s3.eu-west-2.amazonaws.com/books/Dinner_for_Sixteen_6.jpg,200
Dinner for Sixteen,6,https://augie-read.s3.eu-west-2.amazonaws.com/books/Dinner_for_Sixteen_7.jpg,200
Dinner for Sixteen,7,https://augie-read.s3.eu-west-2.amazonaws.com/books/Dinner_for_Sixteen_8.jpg,200
Dinner for Sixteen,8,https://augie-read.s3.eu-west-2.amazonaws.com/books/Dinner_for_Sixteen_9.jpg,200
Dinner for Sixteen,9,https://augie-read.s3.eu-west-2.amazonaws.com/books/Dinner_for_Sixteen_10.jpg,200
Dinner for Sixteen,10,https://augie-read.s3.eu-west-2.amazonaws.com/books/Dinner_for_Sixteen_11.jpg,200
Dinner for Sixteen,11,https://augie-read.s3.eu-west-2.amazonaws.com/books/Dinner_for_Sixteen_12.jpg,200
Dinner for Sixteen,12,https://augie-read.s3.eu-west-2.amazonaws.com/books/Dinner_for_Sixteen_12.jpg,200
Eight at the Lake,1,https://augie-read.s3.eu-west-2.amazonaws.com/books/Eight_at_the_Lake_2.jpg,200
Eight at the Lake,2,https://augie-read.s3.eu-west-2.amazonaws.com/books/Eight_at_the_Lake_3.jpg,200
Eight at the Lake,3,https://augie-read.s3.eu-west-2.amazonaws.com/books/Eight_at_the_Lake_4.jpg,200
Eight at the Lake,4,https://augie-read.s3.eu-west-2.amazonaws.com/books/Eight_at_the_Lake_5.jpg,200
Eight at the Lake,5,https://augie-read.s3.eu-west-2.amazonaws.com/books/Eight_at_the_Lake_6.jpg,200
Eight at the Lake,6,https://augie-read.s3.eu-west-2.amazonaws.com/books/Eight_at_the_Lake_7.jpg,200
Eight at the Lake,7,https://augie-read.s3.eu-west-2.amazonaws.com/books/Eight_at_the_Lake_8.jpg,200
Eighteen Carrot Stew,1,https://augie-read.s3.eu-west-2.amazonaws.com/books/Eighteen_Carrot_Stew_2.jpg,200
Eighteen Carrot Stew,2,https://augie-read.s3.eu-west-2.amazonaws.com/books/Eighteen_Carrot_Stew_2.jpg,200
Eighteen Carrot Stew,3,https://augie-read.s3.eu-west-2.amazonaws.com/books/Eighteen_Carrot_Stew_3.jpg,200
Eighteen Carrot Stew,4,https://augie-read.s3.eu-west-2.amazonaws.com/books/Eighteen_Carrot_Stew_3.jpg,200
Eighteen Carrot Stew,5,https://augie-read.s3.eu-west-2.amazonaws.com/books/Eighteen_Carrot_Stew_4.jpg,200
Eighteen Carrot Stew,6,https://augie-read.s3.eu-west-2.amazonaws.com/books/Eighteen_Carrot_Stew_4.jpg,200
Eighteen Carrot Stew,7,https://augie-read.s3.eu-west-2.amazonaws.com/books/Eighteen_Carrot_Stew_5.jpg,200
Eighteen Carrot Stew,8,https://augie-read.s3.eu-west-2.amazonaws.com/books/Eighteen_Carrot_Stew_5.jpg,200
Eighteen Carrot Stew,9,https://augie-read.s3.eu-west-2.amazonaws.com/books/Eighteen_Carrot_Stew_6.jpg,200
Eighteen Carrot Stew,10,https://augie-read.s3.eu-west-2.amazonaws.com/books/Eighteen_Carrot_Stew_6.jpg,200
Eighteen Carrot Stew,11,https://augie-read.s3.eu-west-2.amazonaws.com/books/Eighteen_Carrot_Stew_7.jpg,200
Eighteen Carrot Stew,12,https://augie-read.s3.eu-west-2.amazonaws.com/books/Eighteen_Carrot_Stew_7.jpg,200
Eighteen Carrot Stew,13,https://augie-read.s3.eu-west-2.amazonaws.com/books/Eighteen_Carrot_Stew_8.jpg,200
Eighteen Carrot Stew,14,https://augie-read.s3.eu-west-2.amazonaws.com/books/Eighteen_Carrot_Stew_8.jpg,200
Eighteen Carrot Stew,15,https://augie-read.s3.eu-west-2.amazonaws.com/books/Eighteen_Carrot_Stew_9.jpg,200
Eighteen Carrot Stew,16,https://augie-read.s3.eu-west-2.amazonaws.com/books/Eighteen_Carrot_Stew_9.jpg,200
Eighteen Carrot Stew,17,https://augie-read.s3.eu-west-2.amazonaws.com/books/Eighteen_Carrot_Stew_10.jpg,200
Eighteen Carrot Stew,18,https://augie-read.s3.eu-west-2.amazonaws.com/books/Eighteen_Carrot_Stew_10.jpg,200
Eighteen Carrot Stew,19,https://augie-read.s3.eu-west-2.amazonaws.com/books/Eighteen_Carrot_Stew_11.jpg,200
Eighteen Carrot Stew,20,https://augie-read.s3.eu-west-2.amazonaws.com/books/Eighteen_Carrot_Stew_12.jpg,200
Five Delicious Muffins,1,https://augie-read.s3.eu-west-2.amazonaws.com/books/Five_Delicious_Muffins_2.jpg,200
Five Delicious Muffins,2,https://augie-read.s3.eu-west-2.amazonaws.com/books/Five_Delicious_Muffins_3.jpg,200
Five Delicious Muffins,3,https://augie-read.s3.eu-west-2.amazonaws.com/books/Five_Delicious_Muffins_4.jpg,200
Five Delicious Muffins,4,https://augie-read.s3.eu-west-2.amazonaws.com/books/Five_Delicious_Muffins_5.jpg,200
Five Delicious Muffins,5,https://augie-read.s3.eu-west-2.amazonaws.com/books/Five_Delicious_Muffins_6.jpg,200
Five Delicious Muffins,6,https://augie-read.s3.eu-west-2.amazonaws.com/books/Five_Delicious_Muffins_7.jpg,200
Five Delicious Muffins,7,https://augie-read.s3.eu-west-2.amazonaws.com/books/Five_Delicious_Muffins_8.jpg,200
Five Delicious Muffins,8,https://augie-read.s3.eu-west-2.amazonaws.com/books/Five_Delicious_Muffins_9.jpg,200
Five Delicious Muffins,9,https://augie-read.s3.eu-west-2.amazonaws.com/books/Five_Delicious_Muffins_10.jpg,200
Five Delicious Muffins,10,https://augie-read.s3.eu-west-2.amazonaws.com/books/Five_Delicious_Muffins_11.jpg,200
Five Delicious Muffins,11,https://augie-read.s3.eu-west-2.amazonaws.com/books/Five_Delicious_Muffins_12.jpg,200
Four Fine Friends,1,https://augie-read.s3.eu-west-2.amazonaws.com/books/Four_Fine_Friends_2.jpg,200
Four Fine Friends,2,https://augie-read.s3.eu-west-2.amazonaws.com/books/Four_Fine_Friends_3.jpg,200
Four Fine Friends,3,https://augie-read.s3.eu-west-2.amazonaws.com/books/Four_Fine_Friends_4.jpg,200
Four Fine Friends,4,https://augie-read.s3.eu-west-2.amazonaws.com/books/Four_Fine_Friends_4.jpg,200
Four Fine Friends,5,https://augie-read.s3.eu-west-2.amazonaws.com/books/Four_Fine_Friends_5.jpg,200
Four Fine Friends,6,https://augie-read.s3.eu-west-2.amazonaws.com/books/Four_Fine_Friends_6.jpg,200
Four Fine Friends,7,https://augie-read.s3.eu-west-2.amazonaws.com/books/Four_Fine_Friends_6.jpg,200
Four Fine Friends,8,https://augie-read.s3.eu-west-2.amazonaws.com/books/Four_Fine_Friends_7.jpg,200
Four Fine Friends,9,https://augie-read.s3.eu-west-2.amazonaws.com/books/Four_Fine_Friends_8.jpg,200
Four Fine Friends,10,https://augie-read.s3.eu-west-2.amazonaws.com/books/Four_Fine_Friends_8.jpg,200
Four Fine Friends,11,https://augie-read.s3.eu-west-2.amazonaws.com/books/Four_Fine_Friends_9.jpg,200
Four Fine Friends,12,https://augie-read.s3.eu-west-2.amazonaws.com/books/Four_Fine_Friends_10.jpg,200
Four Fine Friends,13,https://augie-read.s3.eu-west-2.amazonaws.com/books/Four_Fine_Friends_10.jpg,200
Four Fine Friends,14,https://augie-read.s3.eu-west-2.amazonaws.com/books/Four_Fine_Friends_11.jpg,200
Four Fine Friends,15,https://augie-read.s3.eu-west-2.amazonaws.com/books/Four_Fine_Friends_12.jpg,200
Four Fine Friends,16,https://augie-read.s3.eu-west-2.amazonaws.com/books/Four_Fine_Friends_12.jpg,200
Fourteen Camel Caravan,1,https://augie-read.s3.eu-west-2.amazonaws.com/books/Fourteen_Camel_Caravan_2.jpg,200
Fourteen Camel Caravan,2,https://augie-read.s3.eu-west-2.amazonaws.com/books/Fourteen_Camel_Caravan_4.jpg,200
Fourteen Camel Caravan,3,https://augie-read.s3.eu-west-2.amazonaws.com/books/Fourteen_Camel_Caravan_6.jpg,200
Fourteen Camel Caravan,4,https://augie-read.s3.eu-west-2.amazonaws.com/books/Fourteen_Camel_Caravan_7.jpg,200
Fourteen Camel Caravan,5,https://augie-read.s3.eu-west-2.amazonaws.com/books/Fourteen_Camel_Caravan_8.jpg,200
Fourteen Camel Caravan,6,https://augie-read.s3.eu-west-2.amazonaws.com/books/Fourteen_Camel_Caravan_9.jpg,200
Fourteen Camel Caravan,7,https://augie-read.s3.eu-west-2.amazonaws.com/books/Fourteen_Camel_Caravan_10.jpg,200
Fourteen Camel Caravan,8,https://augie-read.s3.eu-west-2.amazonaws.com/books/Fourteen_Camel_Caravan_11.jpg,200
Fourteen Camel Caravan,9,https://augie-read.s3.eu-west-2.amazonaws.com/books/Fourteen_Camel_Caravan_12.jpg,200
I Want to Be a Scientist Like Orville & Wilbur Wright,1,https://augie-read.s3.eu-west-2.amazonaws.com/books/I_Want_to_Be_a_Scientist_Like_Orville__Wilbur_Wright_2.jpg,200
I Want to Be a Scientist Like Orville & Wilbur Wright,2,https://augie-read.s3.eu-west-2.amazonaws.com/books/I_Want_to_Be_a_Scientist_Like_Orville__Wilbur_Wright_2.jpg,200
I Want to Be a Scientist Like Orville & Wilbur Wright,3,https://augie-read.s3.eu-west-2.amazonaws.com/books/I_Want_to_Be_a_Scientist_Like_Orville__Wilbur_Wright_2.jpg,200
I Want to Be a Scientist Like Orville & Wilbur Wright,4,https://augie-read.s3.eu-west-2.amazonaws.com/books/I_Want_to_Be_a_Scientist_Like_Orville__Wilbur_Wright_3.jpg,200
I Want to Be a Scientist Like Orville & Wilbur Wright,5,https://augie-read.s3.eu-west-2.amazonaws.com/books/I_Want_to_Be_a_Scientist_Like_Orville__Wilbur_Wright_3.jpg,200
I Want to Be a Scientist Like Orville & Wilbur Wright,6,https://augie-read.s3.eu-west-2.amazonaws.com/books/I_Want_to_Be_a_Scientist_Like_Orville__Wilbur_Wright_4.jpg,200
I Want to Be a Scientist Like Orville & Wilbur Wright,7,https://augie-read.s3.eu-west-2.amazonaws.com/books/I_Want_to_Be_a_Scientist_Like_Orville__Wilbur_Wright_4.jpg,200
I Want to Be a Scientist Like Orville & Wilbur Wright,8,https://augie-read.s3.eu-west-2.amazonaws.com/books/I_Want_to_Be_a_Scientist_Like_Orville__Wilbur_Wright_5.jpg,200
I Want to Be a Scientist Like Orville & Wilbur Wright,9,https://augie-read.s3.eu-west-2.amazonaws.com/books/I_Want_to_Be_a_Scientist_Like_Orville__Wilbur_Wright_5.jpg,200
I Want to Be a Scientist Like Orville & Wilbur Wright,10,https://augie-read.s3.eu-west-2.amazonaws.com/books/I_Want_to_Be_a_Scientist_Like_Orville__Wilbur_Wright_6.jpg,200
I Want to Be a Scientist Like Orville & Wilbur Wright,11,https://augie-read.s3.eu-west-2.amazonaws.com/books/I_Want_to_Be_a_Scientist_Like_Orville__Wilbur_Wright_6.jpg,200
I Want to Be a Scientist Like Orville & Wilbur Wright,12,https://augie-read.s3.eu-west-2.amazonaws.com/books/I_Want_to_Be_a_Scientist_Like_Orville__Wilbur_Wright_6.jpg,200
I Want to Be a Scientist Like Orville & Wilbur Wright,13,https://augie-read.s3.eu-west-2.amazonaws.com/books/I_Want_to_Be_a_Scientist_Like_Orville__Wilbur_Wright_7.jpg,200
I Want to Be a Scientist Like Orville & Wilbur Wright,14,https://augie-read.s3.eu-west-2.amazonaws.com/books/I_Want_to_Be_a_Scientist_Like_Orville__Wilbur_Wright_7.jpg,200
I Want to Be a Scientist Like Orville & Wilbur Wright,15,https://augie-read.s3.eu-west-2.amazonaws.com/books/I_Want_to_Be_a_Scientist_Like_Orville__Wilbur_Wright_7.jpg,200
I Want to Be a Scientist Like Orville & Wilbur Wright,16,https://augie-read.s3.eu-west-2.amazonaws.com/books/I_Want_to_Be_a_Scientist_Like_Orville__Wilbur_Wright_7.jpg,200
I Want to Be a Scientist Like Orville & Wilbur Wright,17,https://augie-read.s3.eu-west-2.amazonaws.com/books/I_Want_to_Be_a_Scientist_Like_Orville__Wilbur_Wright_8.jpg,200
I Want to Be a Scientist Like Orville & Wilbur Wright,18,https://augie-read.s3.eu-west-2.amazonaws.com/books/I_Want_to_Be_a_Scientist_Like_Orville__Wilbur_Wright_8.jpg,200
I Want to Be a Scientist Like Orville & Wilbur Wright,19,https://augie-read.s3.eu-west-2.amazonaws.com/books/I_Want_to_Be_a_Scientist_Like_Orville__Wilbur_Wright_8.jpg,200
I Want to Be a Scientist Like Orville & Wilbur Wright,20,https://augie-read.s3.eu-west-2.amazonaws.com/books/I_Want_to_Be_a_Scientist_Like_Orville__Wilbur_Wright_9.jpg,200
I Want to Be a Scientist Like Orville & Wilbur Wright,21,https://augie-read.s3.eu-west-2.amazonaws.com/books/I_Want_to_Be_a_Scientist_Like_Orville__Wilbur_Wright_9.jpg,200
I Want to Be a Scientist Like Orville & Wilbur Wright,22,https://augie-read.s3.eu-west-2.amazonaws.com/books/I_Want_to_Be_a_Scientist_Like_Orville__Wilbur_Wright_9.jpg,200
I Want to Be a Scientist Like Orville & Wilbur Wright,23,https://augie-read.s3.eu-west-2.amazonaws.com/books/I_Want_to_Be_a_Scientist_Like_Orville__Wilbur_Wright_10.jpg,200
I Want to Be a Scientist Like Orville & Wilbur Wright,24,https://augie-read.s3.eu-west-2.amazonaws.com/books/I_Want_to_Be_a_Scientist_Like_Orville__Wilbur_Wright_10.jpg,200
I Want to Be a Scientist Like Orville & Wilbur Wright,25,https://augie-read.s3.eu-west-2.amazonaws.com/books/I_Want_to_Be_a_Scientist_Like_Orville__Wilbur_Wright_11.jpg,200
I Want to Be a Scientist Like Orville & Wilbur Wright,26,https://augie-read.s3.eu-west-2.amazonaws.com/books/I_Want_to_Be_a_Scientist_Like_Orville__Wilbur_Wright_11.jpg,200
I Want to Be a Scientist Like Orville & Wilbur Wright,27,https://augie-read.s3.eu-west-2.amazonaws.com/books/I_Want_to_Be_a_Scientist_Like_Orville__Wilbur_Wright_12.jpg,200
I Want to Be a Scientist Like Orville & Wilbur Wright,28,https://augie-read.s3.eu-west-2.amazonaws.com/books/I_Want_to_Be_a_Scientist_Like_Orville__Wilbur_Wright_13.jpg,200
I Want to Be a Scientist Like Orville & Wilbur Wright,29,https://augie-read.s3.eu-west-2.amazonaws.com/books/I_Want_to_Be_a_Scientist_Like_Orville__Wilbur_Wright_13.jpg,200
I Want to Be a Scientist Like Orville & Wilbur Wright,30,https://augie-read.s3.eu-west-2.amazonaws.com/books/I_Want_to_Be_a_Scientist_Like_Orville__Wilbur_Wright_14.jpg,200
I Want to Be a Scientist Like Orville & Wilbur Wright,31,https://augie-read.s3.eu-west-2.amazonaws.com/books/I_Want_to_Be_a_Scientist_Like_Orville__Wilbur_Wright_14.jpg,200
I Want to Be a Scientist Like Orville & Wilbur Wright,32,https://augie-read.s3.eu-west-2.amazonaws.com/books/I_Want_to_Be_a_Scientist_Like_Orville__Wilbur_Wright_14.jpg,200
I Want to Be a Scientist Like Orville & Wilbur Wright,33,https://augie-read.s3.eu-west-2.amazonaws.com/books/I_Want_to_Be_a_Scientist_Like_Orville__Wilbur_Wright_14.jpg,200
I Want to Be a Scientist Like Orville & Wilbur Wright,34,https://augie-read.s3.eu-west-2.amazonaws.com/books/I_Want_to_Be_a_Scientist_Like_Orville__Wilbur_Wright_14.jpg,200
I Want to Be a Scientist Like Orville & Wilbur Wright,35,https://augie-read.s3.eu-west-2.amazonaws.com/books/I_Want_to_Be_a_Scientist_Like_Orville__Wilbur_Wright_14.jpg,200
I Want to Be a Scientist Like Orville & Wilbur Wright,36,https://augie-read.s3.eu-west-2.amazonaws.com/books/I_Want_to_Be_a_Scientist_Like_Orville__Wilbur_Wright_14.jpg,200
I Want to Be a Scientist Like Orville & Wilbur Wright,37,https://augie-read.s3.eu-west-2.amazonaws.com/books/I_Want_to_Be_a_Scientist_Like_Orville__Wilbur_Wright_14.jpg,200
I Want to Be a Scientist Like Orville & Wilbur Wright,38,https://augie-read.s3.eu-west-2.amazonaws.com/books/I_Want_to_Be_a_Scientist_Like_Orville__Wilbur_Wright_14.jpg,200
I Want to Be a Scientist Like Orville & Wilbur Wright,39,https://augie-read.s3.eu-west-2.amazonaws.com/books/I_Want_to_Be_a_Scientist_Like_Orville__Wilbur_Wright_14.jpg,200
I Want to Be a Scientist Like Orville & Wilbur Wright,40,https://augie-read.s3.eu-west-2.amazonaws.com/books/I_Want_to_Be_a_Scientist_Like_Orville__Wilbur_Wright_14.jpg,200
I Want to Be a Scientist Like Orville & Wilbur Wright,41,https://augie-read.s3.eu-west-2.amazonaws.com/books/I_Want_to_Be_a_Scientist_Like_Orville__Wilbur_Wright_14.jpg,200
I Want to Be a Scientist Like Orville & Wilbur Wright,42,https://augie-read.s3.eu-west-2.amazonaws.com/books/I_Want_to_Be_a_Scientist_Like_Orville__Wilbur_Wright_14.jpg,200
I Want to Be a Scientist Like Orville & Wilbur Wright,43,https://augie-read.s3.eu-west-2.amazonaws.com/books/I_Want_to_Be_a_Scientist_Like_Orville__Wilbur_Wright_14.jpg,200
I Want to Be a Scientist Like Orville & Wilbur Wright,44,https://augie-read.s3.eu-west-2.amazonaws.com/books/I_Want_to_Be_a_Scientist_Like_Orville__Wilbur_Wright_14.jpg,200
I Want to Be a Scientist Like Orville & Wilbur Wright,45,https://augie-read.s3.eu-west-2.amazonaws.com/books/I_Want_to_Be_a_Scientist_Like_Orville__Wilbur_Wright_14.jpg,200
I Want to Be a Scientist Like Orville & Wilbur Wright,46,https://augie-read.s3.eu-west-2.amazonaws.com/books/I_Want_to_Be_a_Scientist_Like_Orville__Wilbur_Wright_14.jpg,200
I Want to Be a Scientist Like Orville & Wilbur Wright,47,https://augie-read.s3.eu-west-2.amazonaws.com/books/I_Want_to_Be_a_Scientist_Like_Orville__Wilbur_Wright_14.jpg,200
I Want to Be a Scientist Like Orville & Wilbur Wright,48,https://augie-read.s3.eu-west-2.amazonaws.com/books/I_Want_to_Be_a_Scientist_Like_Orville__Wilbur_Wright_14.jpg,200
I Want to Be a Scientist Like Orville & Wilbur Wright,49,https://augie-read.s3.eu-west-2.amazonaws.com/books/I_Want_to_Be_a_Scientist_Like_Orville__Wilbur_Wright_14.jpg,200
I Want to Be a Scientist Like Orville & Wilbur Wright,50,https://augie-read.s3.eu-west-2.amazonaws.com/books/I_Want_to_Be_a_Scientist_Like_Orville__Wilbur_Wright_14.jpg,200
I Want to Be a Scientist Like Orville & Wilbur Wright,51,https://augie-read.s3.eu-west-2.amazonaws.com/books/I_Want_to_Be_a_Scientist_Like_Orville__Wilbur_Wright_14.jpg,200
I Want to Be a Scientist Like Orville & Wilbur Wright,52,https://augie-read.s3.eu-west-2.amazonaws.com/books/I_Want_to_Be_a_Scientist_Like_Orville__Wilbur_Wright_14.jpg,200
I Want to Be a Scientist Like Orville & Wilbur Wright,53,https://augie-read.s3.eu-west-2.amazonaws.com/books/I_Want_to_Be_a_Scientist_Like_Orville__Wilbur_Wright_14.jpg,200
I Want to Be a Scientist Like Orville & Wilbur Wright,54,https://augie-read.s3.eu-west-2.amazonaws.com/books/I_Want_to_Be_a_Scientist_Like_Orville__Wilbur_Wright_14.jpg,200
I Want to Be a Scientist Like Orville & Wilbur Wright,55,https://augie-read.s3.eu-west-2.amazonaws.com/books/I_Want_to_Be_a_Scientist_Like_Orville__Wilbur_Wright_14.jpg,200
I Want to Be a Scientist Like Orville & Wilbur Wright,56,https://augie-read.s3.eu-west-2.amazonaws.com/books/I_Want_to_Be_a_Scientist_Like_Orville__Wilbur_Wright_14.jpg,200
I Want to Be a Scientist Like Orville & Wilbur Wright,57,https://augie-read.s3.eu-west-2.amazonaws.com/books/I_Want_to_Be_a_Scientist_Like_Orville__Wilbur_Wright_14.jpg,200
I Want to Be a Scientist Like Orville & Wilbur Wright,58,https://augie-read.s3.eu-west-2.amazonaws.com/books/I_Want_to_Be_a_Scientist_Like_Orville__Wilbur_Wright_14.jpg,200
I Want to Be a Scientist Like George Washington Carver,1,https://augie-read.s3.eu-west-2.amazonaws.com/books/I_Want_to_Be_a_Scientist_Like_George_Washington_Carver_2.jpg,200
I Want to Be a Scientist Like George Washington Carver,2,https://augie-read.s3.eu-west-2.amazonaws.com/books/I_Want_to_Be_a_Scientist_Like_George_Washington_Carver_2.jpg,200
I Want to Be a Scientist Like George Washington Carver,3,https://augie-read.s3.eu-west-2.amazonaws.com/books/I_Want_to_Be_a_Scientist_Like_George_Washington_Carver_2.jpg,200
I Want to Be a Scientist Like George Washington Carver,4,https://augie-read.s3.eu-west-2.amazonaws.com/books/I_Want_to_Be_a_Scientist_Like_George_Washington_Carver_3.jpg,200
I Want to Be a Scientist Like George Washington Carver,5,https://augie-read.s3.eu-west-2.amazonaws.com/books/I_Want_to_Be_a_Scientist_Like_George_Washington_Carver_3.jpg,200
I Want to Be a Scientist Like George Washington Carver,6,https://augie-read.s3.eu-west-2.amazonaws.com/books/I_Want_to_Be_a_Scientist_Like_George_Washington_Carver_5.jpg,200
I Want to Be a Scientist Like George Washington Carver,7,https://augie-read.s3.eu-west-2.amazonaws.com/books/I_Want_to_Be_a_Scientist_Like_George_Washington_Carver_5.jpg,200
I Want to Be a Scientist Like George Washington Carver,8,https://augie-read.s3.eu-west-2.amazonaws.com/books/I_Want_to_Be_a_Scientist_Like_George_Washington_Carver_5.jpg,200
I Want to Be a Scientist Like George Washington Carver,9,https://augie-read.s3.eu-west-2.amazonaws.com/books/I_Want_to_Be_a_Scientist_Like_George_Washington_Carver_5.jpg,200
I Want to Be a Scientist Like George Washington Carver,10,https://augie-read.s3.eu-west-2.amazonaws.com/books/I_Want_to_Be_a_Scientist_Like_George_Washington_Carver_5.jpg,200
I Want to Be a Scientist Like George Washington Carver,11,https://augie-read.s3.eu-west-2.amazonaws.com/books/I_Want_to_Be_a_Scientist_Like_George_Washington_Carver_5.jpg,200
I Want to Be a Scientist Like George Washington Carver,12,https://augie-read.s3.eu-west-2.amazonaws.com/books/I_Want_to_Be_a_Scientist_Like_George_Washington_Carver_6.jpg,200
I Want to Be a Scientist Like George Washington Carver,13,https://augie-read.s3.eu-west-2.amazonaws.com/books/I_Want_to_Be_a_Scientist_Like_George_Washington_Carver_6.jpg,200
I Want to Be a Scientist Like George Washington Carver,14,https://augie-read.s3.eu-west-2.amazonaws.com/books/I_Want_to_Be_a_Scientist_Like_George_Washington_Carver_7.jpg,200
I Want to Be a Scientist Like George Washington Carver,15,https://augie-read.s3.eu-west-2.amazonaws.com/books/I_Want_to_Be_a_Scientist_Like_George_Washington_Carver_7.jpg,200
I Want to Be a Scientist Like George Washington Carver,16,https://augie-read.s3.eu-west-2.amazonaws.com/books/I_Want_to_Be_a_Scientist_Like_George_Washington_Carver_8.jpg,200
I Want to Be a Scientist Like George Washington Carver,17,https://augie-read.s3.eu-west-2.amazonaws.com/books/I_Want_to_Be_a_Scientist_Like_George_Washington_Carver_8.jpg,200
I Want to Be a Scientist Like George Washington Carver,18,https://augie-read.s3.eu-west-2.amazonaws.com/books/I_Want_to_Be_a_Scientist_Like_George_Washington_Carver_8.jpg,200
I Want to Be a Scientist Like George Washington Carver,19,https://augie-read.s3.eu-west-2.amazonaws.com/books/I_Want_to_Be_a_Scientist_Like_George_Washington_Carver_8.jpg,200
I Want to Be a Scientist Like George Washington Carver,20,https://augie-read.s3.eu-west-2.amazonaws.com/books/I_Want_to_Be_a_Scientist_Like_George_Washington_Carver_8.jpg,200
I Want to Be a Scientist Like George Washington Carver,21,https://augie-read.s3.eu-west-2.amazonaws.com/books/I_Want_to_Be_a_Scientist_Like_George_Washington_Carver_10.jpg,200
I Want to Be a Scientist Like George Washington Carver,22,https://augie-read.s3.eu-west-2.amazonaws.com/books/I_Want_to_Be_a_Scientist_Like_George_Washington_Carver_10.jpg,200
I Want to Be a Scientist Like George Washington Carver,23,https://augie-read.s3.eu-west-2.amazonaws.com/books/I_Want_to_Be_a_Scientist_Like_George_Washington_Carver_10.jpg,200
I Want to Be a Scientist Like George Washington Carver,24,https://augie-read.s3.eu-west-2.amazonaws.com/books/I_Want_to_Be_a_Scientist_Like_George_Washington_Carver_11.jpg,200
I Want to Be a Scientist Like George Washington Carver,25,https://augie-read.s3.eu-west-2.amazonaws.com/books/I_Want_to_Be_a_Scientist_Like_George_Washington_Carver_11.jpg,200
I Want to Be a Scientist Like George Washington Carver,26,https://augie-read.s3.eu-west-2.amazonaws.com/books/I_Want_to_Be_a_Scientist_Like_George_Washington_Carver_13.jpg,200
I Want to Be a Scientist Like George Washington Carver,27,https://augie-read.s3.eu-west-2.amazonaws.com/books/I_Want_to_Be_a_Scientist_Like_George_Washington_Carver_13.jpg,200
I Want to Be a Scientist Like George Washington Carver,28,https://augie-read.s3.eu-west-2.amazonaws.com/books/I_Want_to_Be_a_Scientist_Like_George_Washington_Carver_13.jpg,200
I Want to Be a Scientist Like George Washington Carver,29,https://augie-read.s3.eu-west-2.amazonaws.com/books/generic_book_image.png,200
I Want to Be a Scientist Like George Washington Carver,30,https://augie-read.s3.eu-west-2.amazonaws.com/books/I_Want_to_Be_a_Scientist_Like_George_Washington_Carver_11.jpg,200
I Want to Be a Scientist Like George Washington Carver,31,https://augie-read.s3.eu-west-2.amazonaws.com/books/I_Want_to_Be_a_Scientist_Like_George_Washington_Carver_11.jpg,200
I Want to Be a Scientist Like George Washington Carver,32,https://augie-read.s3.eu-west-2.amazonaws.com/books/I_Want_to_Be_a_Scientist_Like_George_Washington_Carver_11.jpg,200
I Want to Be a Scientist Like George Washington Carver,33,https://augie-read.s3.eu-west-2.amazonaws.com/books/I_Want_to_Be_a_Scientist_Like_George_Washington_Carver_11.jpg,200
I Want to Be a Scientist Like George Washington Carver,34,https://augie-read.s3.eu-west-2.amazonaws.com/books/I_Want_to_Be_a_Scientist_Like_George_Washington_Carver_11.jpg,200
I Want to Be a Scientist Like George Washington Carver,35,https://augie-read.s3.eu-west-2.amazonaws.com/books/I_Want_to_Be_a_Scientist_Like_George_Washington_Carver_11.jpg,200
I Want to Be a Scientist Like George Washington Carver,36,https://augie-read.s3.eu-west-2.amazonaws.com/books/I_Want_to_Be_a_Scientist_Like_George_Washington_Carver_11.jpg,200
I Want to Be a Scientist Like George Washington Carver,37,https://augie-read.s3.eu-west-2.amazonaws.com/books/I_Want_to_Be_a_Scientist_Like_George_Washington_Carver_11.jpg,200
I Want to Be a Scientist Like George Washington Carver,38,https://augie-read.s3.eu-west-2.amazonaws.com/books/I_Want_to_Be_a_Scientist_Like_George_Washington_Carver_11.jpg,200
I Want to Be a Scientist Like George Washington Carver,39,https://augie-read.s3.eu-west-2.amazonaws.com/books/I_Want_to_Be_a_Scientist_Like_George_Washington_Carver_11.jpg,200
I Want to Be a Scientist Like George Washington Carver,40,https://augie-read.s3.eu-west-2.amazonaws.com/books/I_Want_to_Be_a_Scientist_Like_George_Washington_Carver_11.jpg,200
I Want to Be a Scientist Like George Washington Carver,41,https://augie-read.s3.eu-west-2.amazonaws.com/books/I_Want_to_Be_a_Scientist_Like_George_Washington_Carver_11.jpg,200
I Want to Be a Scientist Like Jane Goodall,1,https://augie-read.s3.eu-west-2.amazonaws.com/books/I_Want_to_Be_a_Scientist_Like_Jane_Goodall_2.jpg,200
I Want to Be a Scientist Like Jane Goodall,2,https://augie-read.s3.eu-west-2.amazonaws.com/books/I_Want_to_Be_a_Scientist_Like_Jane_Goodall_2.jpg,200
I Want to Be a Scientist Like Jane Goodall,3,https://augie-read.s3.eu-west-2.amazonaws.com/books/I_Want_to_Be_a_Scientist_Like_Jane_Goodall_3.jpg,200
I Want to Be a Scientist Like Jane Goodall,4,https://augie-read.s3.eu-west-2.amazonaws.com/books/I_Want_to_Be_a_Scientist_Like_Jane_Goodall_3.jpg,200
I Want to Be a Scientist Like Jane Goodall,5,https://augie-read.s3.eu-west-2.amazonaws.com/books/I_Want_to_Be_a_Scientist_Like_Jane_Goodall_3.jpg,200
I Want to Be a Scientist Like Jane Goodall,6,https://augie-read.s3.eu-west-2.amazonaws.com/books/I_Want_to_Be_a_Scientist_Like_Jane_Goodall_4.jpg,200
I Want to Be a Scientist Like Jane Goodall,7,https://augie-read.s3.eu-west-2.amazonaws.com/books/I_Want_to_Be_a_Scientist_Like_Jane_Goodall_4.jpg,200
I Want to Be a Scientist Like Jane Goodall,8,https://augie-read.s3.eu-west-2.amazonaws.com/books/I_Want_to_Be_a_Scientist_Like_Jane_Goodall_4.jpg,200
I Want to Be a Scientist Like Jane Goodall,9,https://augie-read.s3.eu-west-2.amazonaws.com/books/I_Want_to_Be_a_Scientist_Like_Jane_Goodall_4.jpg,200
I Want to Be a Scientist Like Jane Goodall,10,https://augie-read.s3.eu-west-2.amazonaws.com/books/I_Want_to_Be_a_Scientist_Like_Jane_Goodall_5.jpg,200
I Want to Be a Scientist Like Jane Goodall,11,https://augie-read.s3.eu-west-2.amazonaws.com/books/I_Want_to_Be_a_Scientist_Like_Jane_Goodall_5.jpg,200
I Want to Be a Scientist Like Jane Goodall,12,https://augie-read.s3.eu-west-2.amazonaws.com/books/I_Want_to_Be_a_Scientist_Like_Jane_Goodall_6.jpg,200
I Want to Be a Scientist Like Jane Goodall,13,https://augie-read.s3.eu-west-2.amazonaws.com/books/I_Want_to_Be_a_Scientist_Like_Jane_Goodall_6.jpg,200
I Want to Be a Scientist Like Jane Goodall,14,https://augie-read.s3.eu-west-2.amazonaws.com/books/I_Want_to_Be_a_Scientist_Like_Jane_Goodall_7.jpg,200
I Want to Be a Scientist Like Jane Goodall,15,https://augie-read.s3.eu-west-2.amazonaws.com/books/I_Want_to_Be_a_Scientist_Like_Jane_Goodall_8.jpg,200
I Want to Be a Scientist Like Jane Goodall,16,https://augie-read.s3.eu-west-2.amazonaws.com/books/I_Want_to_Be_a_Scientist_Like_Jane_Goodall_8.jpg,200
I Want to Be a Scientist Like Jane Goodall,17,https://augie-read.s3.eu-west-2.amazonaws.com/books/I_Want_to_Be_a_Scientist_Like_Jane_Goodall_9.jpg,200
I Want to Be a Scientist Like Jane Goodall,18,https://augie-read.s3.eu-west-2.amazonaws.com/books/I_Want_to_Be_a_Scientist_Like_Jane_Goodall_9.jpg,200
I Want to Be a Scientist Like Jane Goodall,19,https://augie-read.s3.eu-west-2.amazonaws.com/books/I_Want_to_Be_a_Scientist_Like_Jane_Goodall_9.jpg,200
I Want to Be a Scientist Like Jane Goodall,20,https://augie-read.s3.eu-west-2.amazonaws.com/books/I_Want_to_Be_a_Scientist_Like_Jane_Goodall_9.jpg,200
I Want to Be a Scientist Like Jane Goodall,21,https://augie-read.s3.eu-west-2.amazonaws.com/books/I_Want_to_Be_a_Scientist_Like_Jane_Goodall_9.jpg,200
I Want to Be a Scientist Like Jane Goodall,22,https://augie-read.s3.eu-west-2.amazonaws.com/books/I_Want_to_Be_a_Scientist_Like_Jane_Goodall_10.jpg,200
I Want to Be a Scientist Like Jane Goodall,23,https://augie-read.s3.eu-west-2.amazonaws.com/books/I_Want_to_Be_a_Scientist_Like_Jane_Goodall_10.jpg,200
I Want to Be a Scientist Like Jane Goodall,24,https://augie-read.s3.eu-west-2.amazonaws.com/books/I_Want_to_Be_a_Scientist_Like_Jane_Goodall_11.jpg,200
I Want to Be a Scientist Like Jane Goodall,25,https://augie-read.s3.eu-west-2.amazonaws.com/books/generic_book_image.png,200
I Want to Be a Scientist Like Jane Goodall,26,https://augie-read.s3.eu-west-2.amazonaws.com/books/generic_book_image.png,200
I Want to Be a Scientist Like Jane Goodall,27,https://augie-read.s3.eu-west-2.amazonaws.com/books/generic_book_image.png,200
I Want to Be a Scientist Like Jane Goodall,28,https://augie-read.s3.eu-west-2.amazonaws.com/books/generic_book_image.png,200
I Want to Be a Scientist Like Jane Goodall,29,https://augie-read.s3.eu-west-2.amazonaws.com/books/generic_book_image.png,200
I Want to Be a Scientist Like Jane Goodall,30,https://augie-read.s3.eu-west-2.amazonaws.com/books/generic_book_image.png,200
I Want to Be a Scientist Like Jane Goodall,31,https://augie-read.s3.eu-west-2.amazonaws.com/books/generic_book_image.png,200
I Want to Be a Scientist Like Jane Goodall,32,https://augie-read.s3.eu-west-2.amazonaws.com/books/generic_book_image.png,200
I Want to Be a Scientist Like Jane Goodall,33,https://augie-read.s3.eu-west-2.amazonaws.com/books/generic_book_image.png,200
I Want to Be a Scientist Like Jane Goodall,34,https://augie-read.s3.eu-west-2.amazonaws.com/books/generic_book_image.png,200
I Want to Be a Scientist Like Jane Goodall,35,https://augie-read.s3.eu-west-2.amazonaws.com/books/generic_book_image.png,200
I Want to Be a Scientist Like Jane Goodall,36,https://augie-read.s3.eu-west-2.amazonaws.com/books/generic_book_image.png,200
I Want to Be a Scientist Like Jane Goodall,37,https://augie-read.s3.eu-west-2.amazonaws.com/books/generic_book_image.png,200
I Want to Be a Scientist Like Jane Goodall,38,https://augie-read.s3.eu-west-2.amazonaws.com/books/generic_book_image.png,200
I Want to Be a Scientist Like Jane Goodall,39,https://augie-read.s3.eu-west-2.amazonaws.com/books/generic_book_image.png,200
I Want to Be a Scientist Like Jane Goodall,40,https://augie-read.s3.eu-west-2.amazonaws.com/books/generic_book_image.png,200
I Want to Be a Scientist Like Jane Goodall,41,https://augie-read.s3.eu-west-2.amazonaws.com/books/generic_book_image.png,200
I Want to Be a Scientist Like Jane Goodall,42,https://augie-read.s3.eu-west-2.amazonaws.com/books/generic_book_image.png,200
I Want to Be a Scientist Like Jane Goodall,43,https://augie-read.s3.eu-west-2.amazonaws.com/books/generic_book_image.png,200
I Want to Be a Scientist Like Jane Goodall,44,https://augie-read.s3.eu-west-2.amazonaws.com/books/generic_book_image.png,200
I Want to Be a Scientist Like Jane Goodall,45,https://augie-read.s3.eu-west-2.amazonaws.com/books/generic_book_image.png,200
I Want to Be a Scientist Like Jane Goodall,46,https://augie-read.s3.eu-west-2.amazonaws.com/books/generic_book_image.png,200
I Want to Be a Scientist Like Jane Goodall,47,https://augie-read.s3.eu-west-2.amazonaws.com/books/generic_book_image.png,200
I Want to Be a Scientist Like Jane Goodall,48,https://augie-read.s3.eu-west-2.amazonaws.com/books/generic_book_image.png,200
I Want to Be a Scientist Like Jane Goodall,49,https://augie-read.s3.eu-west-2.amazonaws.com/books/generic_book_image.png,200
I Want to Be a Scientist Like Jane Goodall,50,https://augie-read.s3.eu-west-2.amazonaws.com/books/generic_book_image.png,200
I Want to Be a Scientist Like Jane Goodall,51,https://augie-read.s3.eu-west-2.amazonaws.com/books/generic_book_image.png,200
I Want to Be a Scientist Like Jane Goodall,52,https://augie-read.s3.eu-west-2.amazonaws.com/books/generic_book_image.png,200
Just Seven,1,https://augie-read.s3.eu-west-2.amazonaws.com/books/Just_Seven_2.jpg,200
Just Seven,2,https://augie-read.s3.eu-west-2.amazonaws.com/books/Just_Seven_2.jpg,200
Just Seven,3,https://augie-read.s3.eu-west-2.amazonaws.com/books/Just_Seven_3.jpg,200
Just Seven,4,https://augie-read.s3.eu-west-2.amazonaws.com/books/Just_Seven_3.jpg,200
Just Seven,5,https://augie-read.s3.eu-west-2.amazonaws.com/books/Just_Seven_4.jpg,200
Just Seven,6,https://augie-read.s3.eu-west-2.amazonaws.com/books/Just_Seven_4.jpg,200
Just Seven,7,https://augie-read.s3.eu-west-2.amazonaws.com/books/Just_Seven_5.jpg,200
Just Seven,8,https://augie-read.s3.eu-west-2.amazonaws.com/books/Just_Seven_5.jpg,200
Just Seven,9,https://augie-read.s3.eu-west-2.amazonaws.com/books/Just_Seven_6.jpg,200
Just Seven,10,https://augie-read.s3.eu-west-2.amazonaws.com/books/Just_Seven_6.jpg,200
Just Seven,11,https://augie-read.s3.eu-west-2.amazonaws.com/books/Just_Seven_7.jpg,200
Just Seven,12,https://augie-read.s3.eu-west-2.amazonaws.com/books/Just_Seven_7.jpg,200
Just Seven,13,https://augie-read.s3.eu-west-2.amazonaws.com/books/Just_Seven_8.jpg,200
Just Seven,14,https://augie-read.s3.eu-west-2.amazonaws.com/books/Just_Seven_8.jpg,200
Just Seven,15,https://augie-read.s3.eu-west-2.amazonaws.com/books/Just_Seven_9.jpg,200
Just Seven,16,https://augie-read.s3.eu-west-2.amazonaws.com/books/Just_Seven_9.jpg,200
Just Seven,17,https://augie-read.s3.eu-west-2.amazonaws.com/books/Just_Seven_10.jpg,200
Just Seven,18,https://augie-read.s3.eu-west-2.amazonaws.com/books/Just_Seven_10.jpg,200
Just Seven,19,https://augie-read.s3.eu-west-2.amazonaws.com/books/Just_Seven_11.jpg,200
Just Seven,20,https://augie-read.s3.eu-west-2.amazonaws.com/books/Just_Seven_11.jpg,200
Just Seven,21,https://augie-read.s3.eu-west-2.amazonaws.com/books/Just_Seven_12.jpg,200
Look for Three,1,https://augie-read.s3.eu-west-2.amazonaws.com/books/Look_for_Three_2.jpg,200
Look for Three,2,https://augie-read.s3.eu-west-2.amazonaws.com/books/Look_for_Three_2.jpg,200
Look for Three,3,https://augie-read.s3.eu-west-2.amazonaws.com/books/Look_for_Three_3.jpg,200
Look for Three,4,https://augie-read.s3.eu-west-2.amazonaws.com/books/Look_for_Three_3.jpg,200
Look for Three,5,https://augie-read.s3.eu-west-2.amazonaws.com/books/Look_for_Three_4.jpg,200
Look for Three,6,https://augie-read.s3.eu-west-2.amazonaws.com/books/Look_for_Three_5.jpg,200
Look for Three,7,https://augie-read.s3.eu-west-2.amazonaws.com/books/Look_for_Three_6.jpg,200
Look for Three,8,https://augie-read.s3.eu-west-2.amazonaws.com/books/Look_for_Three_7.jpg,200
Look for Three,9,https://augie-read.s3.eu-west-2.amazonaws.com/books/Look_for_Three_8.jpg,200
Look for Three,10,https://augie-read.s3.eu-west-2.amazonaws.com/books/Look_for_Three_9.jpg,200
Look for Three,11,https://augie-read.s3.eu-west-2.amazonaws.com/books/Look_for_Three_10.jpg,200
Look for Three,12,https://augie-read.s3.eu-west-2.amazonaws.com/books/Look_for_Three_11.jpg,200
Look for Three,13,https://augie-read.s3.eu-west-2.amazonaws.com/books/Look_for_Three_12.jpg,200
Nineteen around the World,1,https://augie-read.s3.eu-west-2.amazonaws.com/books/Nineteen_around_the_World_2.jpg,200
Nineteen around the World,2,https://augie-read.s3.eu-west-2.amazonaws.com/books/Nineteen_around_the_World_2.jpg,200
Nineteen around the World,3,https://augie-read.s3.eu-west-2.amazonaws.com/books/Nineteen_around_the_World_3.jpg,200
Nineteen around the World,4,https://augie-read.s3.eu-west-2.amazonaws.com/books/Nineteen_around_the_World_3.jpg,200
Nineteen around the World,5,https://augie-read.s3.eu-west-2.amazonaws.com/books/Nineteen_around_the_World_4.jpg,200
Nineteen around the World,6,https://augie-read.s3.eu-west-2.amazonaws.com/books/Nineteen_around_the_World_4.jpg,200
Nineteen around the World,7,https://augie-read.s3.eu-west-2.amazonaws.com/books/Nineteen_around_the_World_5.jpg,200
Nineteen around the World,8,https://augie-read.s3.eu-west-2.amazonaws.com/books/Nineteen_around_the_World_5.jpg,200
Nineteen around the World,9,https://augie-read.s3.eu-west-2.amazonaws.com/books/Nineteen_around_the_World_6.jpg,200
Nineteen around the World,10,https://augie-read.s3.eu-west-2.amazonaws.com/books/Nineteen_around_the_World_6.jpg,200
Nineteen around the World,11,https://augie-read.s3.eu-west-2.amazonaws.com/books/Nineteen_around_the_World_7.jpg,200
Nineteen around the World,12,https://augie-read.s3.eu-west-2.amazonaws.com/books/Nineteen_around_the_World_8.jpg,200
Nineteen around the World,13,https://augie-read.s3.eu-west-2.amazonaws.com/books/Nineteen_around_the_World_8.jpg,200
Nineteen around the World,14,https://augie-read.s3.eu-west-2.amazonaws.com/books/Nineteen_around_the_World_9.jpg,200
Nineteen around the World,15,https://augie-read.s3.eu-west-2.amazonaws.com/books/Nineteen_around_the_World_9.jpg,200
Nineteen around the World,16,https://augie-read.s3.eu-west-2.amazonaws.com/books/Nineteen_around_the_World_10.jpg,200
Nineteen around the World,17,https://augie-read.s3.eu-west-2.amazonaws.com/books/Nineteen_around_the_World_10.jpg,200
Nineteen around the World,18,https://augie-read.s3.eu-west-2.amazonaws.com/books/Nineteen_around_the_World_11.jpg,200
Nineteen around the World,19,https://augie-read.s3.eu-west-2.amazonaws.com/books/Nineteen_around_the_World_11.jpg,200
Nineteen around the World,20,https://augie-read.s3.eu-west-2.amazonaws.com/books/Nineteen_around_the_World_12.jpg,200
Nineteen around the World,21,https://augie-read.s3.eu-west-2.amazonaws.com/books/Nineteen_around_the_World_12.jpg,200
Ten for My Machine,1,https://augie-read.s3.eu-west-2.amazonaws.com/books/Ten_for_My_Machine_2.jpg,200
Ten for My Machine,2,https://augie-read.s3.eu-west-2.amazonaws.com/books/Ten_for_My_Machine_3.jpg,200
Ten for My Machine,3,https://augie-read.s3.eu-west-2.amazonaws.com/books/Ten_for_My_Machine_4.jpg,200
Ten for My Machine,4,https://augie-read.s3.eu-west-2.amazonaws.com/books/Ten_for_My_Machine_5.jpg,200
Ten for My Machine,5,https://augie-read.s3.eu-west-2.amazonaws.com/books/Ten_for_My_Machine_6.jpg,200
Ten for My Machine,6,https://augie-read.s3.eu-west-2.amazonaws.com/books/Ten_for_My_Machine_7.jpg,200
Ten for My Machine,7,https://augie-read.s3.eu-west-2.amazonaws.com/books/Ten_for_My_Machine_8.jpg,200
Ten for My Machine,8,https://augie-read.s3.eu-west-2.amazonaws.com/books/Ten_for_My_Machine_9.jpg,200
Ten for My Machine,9,https://augie-read.s3.eu-west-2.amazonaws.com/books/Ten_for_My_Machine_10.jpg,200
Ten for My Machine,10,https://augie-read.s3.eu-west-2.amazonaws.com/books/Ten_for_My_Machine_11.jpg,200
The Search for Eleven,1,https://augie-read.s3.eu-west-2.amazonaws.com/books/The_Search_for_Eleven_2.jpg,200
The Search for Eleven,2,https://augie-read.s3.eu-west-2.amazonaws.com/books/The_Search_for_Eleven_3.jpg,200
The Search for Eleven,3,https://augie-read.s3.eu-west-2.amazonaws.com/books/The_Search_for_Eleven_4.jpg,200
The Search for Eleven,4,https://augie-read.s3.eu-west-2.amazonaws.com/books/The_Search_for_Eleven_5.jpg,200
The Search for Eleven,5,https://augie-read.s3.eu-west-2.amazonaws.com/books/The_Search_for_Eleven_6.jpg,200
The Search for Eleven,6,https://augie-read.s3.eu-west-2.amazonaws.com/books/The_Search_for_Eleven_7.jpg,200
The Search for Eleven,7,https://augie-read.s3.eu-west-2.amazonaws.com/books/The_Search_for_Eleven_8.jpg,200
The Search for Eleven,8,https://augie-read.s3.eu-west-2.amazonaws.com/books/The_Search_for_Eleven_9.jpg,200
The Search for Eleven,9,https://augie-read.s3.eu-west-2.amazonaws.com/books/The_Search_for_Eleven_10.jpg,200
The Search for Eleven,10,https://augie-read.s3.eu-west-2.amazonaws.com/books/The_Search_for_Eleven_11.jpg,200
The Search for Eleven,11,https://augie-read.s3.eu-west-2.amazonaws.com/books/The_Search_for_Eleven_12.jpg,200

